order_item_id,order_id,product_id,quantity,price,revenue
1,508,48,3,108,324
2,290,18,2,93,186
3,295,16,2,27,54
4,451,39,2,54,108
5,904,4,4,117,468
6,215,25,2,100,200
7,974,32,5,68,340
8,632,40,1,71,71
9,894,13,4,68,272
10,567,45,2,58,116
11,27,17,1,109,109
12,630,49,3,72,216
13,733,37,2,96,192
14,231,6,1,41,41
15,565,19,5,19,95
16,807,13,3,20,60
17,321,26,5,111,555
18,913,14,1,79,79
19,233,31,5,114,570
20,670,4,1,71,71
21,437,39,1,56,56
22,781,8,5,43,215
23,533,25,1,109,109
24,403,13,2,110,220
25,53,32,1,26,26
26,787,38,4,113,452
27,313,38,1,113,113
28,281,28,4,63,252
29,726,30,1,85,85
30,31,3,1,94,94
31,337,28,5,49,245
32,183,3,2,28,56
33,23,45,2,76,152
34,544,34,3,91,273
35,446,16,5,62,310
36,74,22,5,73,365
37,10,32,2,92,184
38,484,38,5,56,280
39,456,8,2,15,30
40,566,8,5,25,125
41,564,6,1,81,81
42,660,14,2,27,54
43,160,32,2,61,122
44,882,35,4,57,228
45,14,10,5,52,260
46,178,3,5,48,240
47,412,12,2,58,116
48,878,49,1,21,21
49,53,31,1,118,118
50,408,29,1,19,19
51,847,5,5,80,400
52,22,25,4,119,476
53,30,41,2,64,128
54,703,31,3,10,30
55,260,21,4,58,232
56,205,20,3,45,135
57,59,39,4,30,120
58,471,22,1,46,46
59,776,4,5,33,165
60,466,13,3,64,192
61,12,45,4,34,136
62,631,42,5,16,80
63,927,50,3,115,345
64,974,49,2,90,180
65,290,20,4,102,408
66,850,13,2,103,206
67,760,17,1,80,80
68,354,36,2,106,212
69,639,33,2,80,160
70,75,1,4,33,132
71,873,15,1,20,20
72,716,13,2,82,164
73,561,17,5,21,105
74,591,24,3,44,132
75,441,8,2,72,144
76,991,50,1,77,77
77,241,27,2,109,218
78,861,45,3,101,303
79,154,23,1,66,66
80,786,46,4,22,88
81,96,8,1,32,32
82,726,8,4,92,368
83,294,26,1,115,115
84,209,47,3,110,330
85,343,13,3,48,144
86,88,39,1,97,97
87,818,37,2,89,178
88,776,49,3,106,318
89,937,28,4,21,84
90,390,25,4,43,172
91,325,16,5,80,400
92,940,2,4,84,336
93,889,18,5,40,200
94,832,17,1,102,102
95,157,30,1,71,71
96,668,39,1,22,22
97,651,13,2,40,80
98,633,32,2,11,22
99,577,50,5,112,560
100,619,29,4,24,96
101,659,46,4,66,264
102,137,30,1,84,84
103,923,18,3,43,129
104,674,13,2,112,224
105,428,43,2,77,154
106,452,21,1,84,84
107,612,30,2,38,76
108,850,21,1,75,75
109,911,48,5,25,125
110,819,17,4,48,192
111,141,40,3,86,258
112,83,19,4,46,184
113,177,15,4,90,360
114,198,9,5,30,150
115,624,10,2,53,106
116,568,44,3,28,84
117,972,31,2,80,160
118,691,23,4,111,444
119,421,30,1,17,17
120,401,33,4,86,344
121,698,9,2,110,220
122,471,47,4,75,300
123,218,1,1,50,50
124,925,44,5,84,420
125,929,35,2,97,194
126,828,11,4,79,316
127,987,34,2,70,140
128,729,16,5,35,175
129,632,9,4,80,320
130,951,32,4,112,448
131,906,15,2,92,184
132,175,12,2,79,158
133,23,33,1,116,116
134,725,45,5,38,190
135,917,14,1,116,116
136,235,8,4,112,448
137,13,8,2,75,150
138,101,27,4,28,112
139,929,12,4,77,308
140,536,1,3,67,201
141,876,43,3,79,237
142,523,40,4,66,264
143,785,42,2,46,92
144,452,11,4,70,280
145,431,39,3,101,303
146,793,43,2,39,78
147,606,31,4,80,320
148,713,17,5,82,410
149,533,33,5,34,170
150,852,32,4,106,424
151,979,29,2,74,148
152,723,21,4,15,60
153,652,21,4,27,108
154,293,40,3,19,57
155,810,23,5,101,505
156,913,6,3,20,60
157,101,22,3,106,318
158,502,50,4,74,296
159,304,38,3,86,258
160,871,37,5,110,550
161,540,45,3,93,279
162,553,8,5,74,370
163,355,41,3,61,183
164,303,49,5,76,380
165,496,35,3,91,273
166,658,11,3,114,342
167,768,24,2,87,174
168,974,49,5,40,200
169,227,21,5,100,500
170,236,2,5,26,130
171,873,40,1,64,64
172,892,19,3,119,357
173,455,39,5,102,510
174,13,28,1,45,45
175,210,17,2,110,220
176,741,6,5,35,175
177,397,19,5,62,310
178,100,38,1,26,26
179,31,28,3,95,285
180,898,2,2,34,68
181,528,38,5,11,55
182,649,37,3,95,285
183,329,4,2,14,28
184,166,22,4,13,52
185,459,26,4,45,180
186,822,49,2,15,30
187,952,43,1,30,30
188,982,36,2,86,172
189,993,13,2,110,220
190,100,32,1,98,98
191,621,17,1,35,35
192,855,41,3,64,192
193,173,36,3,48,144
194,749,46,1,93,93
195,162,19,4,42,168
196,905,35,4,23,92
197,728,46,2,65,130
198,776,40,5,109,545
199,263,28,2,90,180
200,804,1,2,30,60
201,274,42,5,55,275
202,3,18,1,25,25
203,28,48,4,119,476
204,326,40,2,25,50
205,940,33,5,93,465
206,149,12,3,38,114
207,540,8,2,101,202
208,488,24,4,17,68
209,822,16,1,97,97
210,438,50,2,12,24
211,65,4,2,98,196
212,356,38,5,28,140
213,533,44,3,106,318
214,252,27,3,75,225
215,235,9,1,88,88
216,227,47,4,95,380
217,525,16,1,83,83
218,313,12,2,91,182
219,49,31,2,31,62
220,118,24,3,55,165
221,54,14,4,100,400
222,650,45,5,22,110
223,565,25,4,42,168
224,44,34,2,14,28
225,815,3,5,99,495
226,53,24,4,86,344
227,586,42,4,36,144
228,558,9,5,87,435
229,525,26,2,33,66
230,677,20,4,76,304
231,102,40,5,72,360
232,792,10,2,103,206
233,770,19,5,108,540
234,982,3,5,57,285
235,849,24,4,72,288
236,868,5,2,87,174
237,398,3,4,21,84
238,138,27,1,37,37
239,675,16,1,53,53
240,921,49,2,102,204
241,387,15,5,52,260
242,111,35,4,26,104
243,614,12,4,49,196
244,17,41,2,58,116
245,780,44,2,94,188
246,182,26,1,66,66
247,884,47,3,96,288
248,536,34,2,93,186
249,541,23,3,73,219
250,171,31,2,84,168
251,409,50,5,66,330
252,740,20,5,107,535
253,378,12,1,83,83
254,188,23,1,83,83
255,858,4,3,116,348
256,230,23,2,79,158
257,833,48,4,109,436
258,852,48,1,97,97
259,119,1,4,85,340
260,156,25,4,52,208
261,784,2,2,32,64
262,687,30,3,36,108
263,465,3,2,67,134
264,104,21,1,118,118
265,604,25,4,46,184
266,698,20,2,15,30
267,972,49,2,74,148
268,795,22,2,15,30
269,502,21,1,59,59
270,693,33,3,31,93
271,682,38,2,114,228
272,699,15,1,97,97
273,175,46,4,34,136
274,734,15,5,88,440
275,745,46,1,99,99
276,674,25,5,81,405
277,421,21,2,60,120
278,134,24,2,97,194
279,391,5,1,57,57
280,992,6,5,111,555
281,736,49,2,79,158
282,501,43,4,108,432
283,665,48,3,115,345
284,33,44,3,74,222
285,55,47,2,69,138
286,954,23,5,55,275
287,519,4,2,45,90
288,756,27,5,67,335
289,825,18,4,85,340
290,638,21,5,47,235
291,12,28,2,20,40
292,528,35,4,21,84
293,720,22,1,51,51
294,555,40,3,48,144
295,373,23,2,80,160
296,484,3,2,20,40
297,973,40,2,45,90
298,647,50,4,61,244
299,228,10,1,40,40
300,623,25,5,42,210
301,307,49,1,22,22
302,457,8,4,27,108
303,160,11,2,50,100
304,331,5,3,67,201
305,776,45,2,65,130
306,225,37,5,33,165
307,983,45,3,82,246
308,729,38,2,40,80
309,504,29,3,64,192
310,456,5,1,114,114
311,45,9,4,19,76
312,214,48,2,69,138
313,59,2,5,11,55
314,644,1,1,111,111
315,616,40,2,24,48
316,195,30,1,12,12
317,925,11,5,52,260
318,489,28,2,40,80
319,157,44,5,79,395
320,610,12,3,76,228
321,226,39,5,65,325
322,412,26,3,72,216
323,205,13,2,84,168
324,79,8,3,24,72
325,124,28,2,118,236
326,471,30,2,101,202
327,940,9,4,19,76
328,218,39,2,47,94
329,516,31,3,56,168
330,602,21,4,66,264
331,104,47,4,59,236
332,393,34,2,80,160
333,631,31,5,24,120
334,645,25,5,27,135
335,824,12,4,91,364
336,608,1,2,114,228
337,980,22,5,97,485
338,434,40,2,11,22
339,331,37,2,113,226
340,143,47,4,93,372
341,800,1,4,107,428
342,540,1,1,52,52
343,278,42,5,35,175
344,233,42,5,80,400
345,529,21,5,47,235
346,571,15,3,103,309
347,90,17,2,51,102
348,492,22,4,14,56
349,199,38,5,20,100
350,362,35,1,74,74
351,441,45,5,43,215
352,26,16,2,10,20
353,25,8,2,92,184
354,394,47,4,11,44
355,507,17,3,94,282
356,301,17,4,29,116
357,339,26,5,70,350
358,267,13,1,96,96
359,461,17,4,30,120
360,693,38,3,97,291
361,456,17,4,77,308
362,360,48,2,21,42
363,68,14,5,31,155
364,863,45,5,29,145
365,412,6,5,91,455
366,971,35,5,10,50
367,491,46,5,39,195
368,833,14,5,106,530
369,49,47,1,33,33
370,687,8,3,23,69
371,564,15,5,45,225
372,102,27,3,78,234
373,216,13,5,84,420
374,438,49,4,33,132
375,700,31,5,69,345
376,569,35,2,104,208
377,559,6,1,64,64
378,159,5,4,86,344
379,489,22,4,89,356
380,686,49,2,33,66
381,242,23,5,86,430
382,794,25,1,33,33
383,753,34,4,63,252
384,882,26,1,35,35
385,5,47,4,75,300
386,596,5,5,89,445
387,820,26,4,47,188
388,361,20,4,119,476
389,459,6,3,74,222
390,248,6,5,84,420
391,566,50,2,60,120
392,673,18,2,44,88
393,946,4,5,52,260
394,422,17,2,38,76
395,923,14,5,46,230
396,738,14,2,90,180
397,15,13,3,67,201
398,736,7,2,63,126
399,573,44,4,48,192
400,122,15,5,51,255
401,277,19,1,37,37
402,558,43,1,38,38
403,453,47,5,52,260
404,390,44,3,12,36
405,294,35,2,19,38
406,574,17,3,68,204
407,598,35,1,115,115
408,446,19,5,23,115
409,210,20,5,85,425
410,590,36,3,56,168
411,714,35,3,51,153
412,302,32,2,103,206
413,909,48,4,41,164
414,223,44,4,41,164
415,734,40,2,51,102
416,3,24,4,41,164
417,990,17,1,35,35
418,518,7,4,10,40
419,93,43,2,65,130
420,520,50,4,115,460
421,428,1,5,11,55
422,493,35,3,90,270
423,235,32,1,39,39
424,620,36,5,112,560
425,161,13,5,80,400
426,721,6,2,61,122
427,752,14,3,100,300
428,331,37,3,18,54
429,333,48,1,31,31
430,50,15,2,43,86
431,523,47,1,119,119
432,863,4,4,58,232
433,668,40,5,10,50
434,492,16,1,82,82
435,582,28,5,93,465
436,681,16,2,62,124
437,272,4,4,92,368
438,580,45,2,109,218
439,867,26,4,49,196
440,252,28,4,54,216
441,560,32,5,77,385
442,696,45,2,18,36
443,832,2,2,114,228
444,699,31,1,31,31
445,90,3,2,27,54
446,446,8,1,85,85
447,332,24,3,115,345
448,139,15,3,52,156
449,357,43,3,48,144
450,601,31,2,82,164
451,274,9,2,15,30
452,19,39,1,92,92
453,983,45,4,57,228
454,311,2,1,16,16
455,870,8,3,89,267
456,886,7,1,78,78
457,978,44,4,25,100
458,154,39,2,10,20
459,390,42,1,46,46
460,260,16,3,112,336
461,620,35,3,92,276
462,883,30,2,46,92
463,797,10,1,90,90
464,571,38,4,73,292
465,125,18,2,99,198
466,354,50,1,95,95
467,273,5,5,71,355
468,619,29,3,81,243
469,811,39,4,70,280
470,245,34,4,42,168
471,848,43,4,75,300
472,450,45,3,39,117
473,930,23,1,29,29
474,247,5,2,69,138
475,520,30,1,91,91
476,141,6,2,116,232
477,362,46,4,83,332
478,8,44,1,33,33
479,478,4,4,13,52
480,352,29,5,46,230
481,996,23,4,13,52
482,495,6,4,86,344
483,606,32,2,98,196
484,833,42,5,86,430
485,427,18,4,27,108
486,39,15,4,97,388
487,593,40,5,75,375
488,187,32,5,57,285
489,596,9,1,42,42
490,600,37,2,67,134
491,754,10,5,92,460
492,854,20,5,82,410
493,93,6,3,37,111
494,86,48,5,44,220
495,44,3,2,112,224
496,137,42,4,19,76
497,421,11,4,74,296
498,74,43,4,51,204
499,548,17,4,94,376
500,613,32,3,18,54
501,988,4,5,69,345
502,512,4,4,24,96
503,156,17,1,108,108
504,938,41,4,66,264
505,255,19,5,78,390
506,171,5,4,114,456
507,981,32,3,31,93
508,728,22,2,73,146
509,170,6,2,50,100
510,764,35,5,96,480
511,872,22,2,80,160
512,322,1,2,65,130
513,567,20,1,32,32
514,456,22,5,117,585
515,944,48,5,34,170
516,603,11,2,100,200
517,790,13,2,114,228
518,613,42,2,15,30
519,155,3,3,43,129
520,889,9,4,72,288
521,349,12,3,18,54
522,451,23,5,69,345
523,876,14,1,58,58
524,653,33,4,106,424
525,173,18,1,60,60
526,10,49,5,69,345
527,740,41,5,79,395
528,265,9,1,46,46
529,438,23,1,40,40
530,760,10,1,107,107
531,247,19,5,50,250
532,667,47,2,71,142
533,546,5,1,102,102
534,499,47,4,67,268
535,129,23,5,23,115
536,672,30,3,45,135
537,601,25,3,45,135
538,605,28,4,88,352
539,327,34,2,17,34
540,753,45,1,35,35
541,835,48,5,45,225
542,980,47,1,57,57
543,404,25,5,94,470
544,629,10,3,37,111
545,606,14,1,77,77
546,675,42,4,71,284
547,611,46,2,89,178
548,625,30,4,95,380
549,359,41,2,85,170
550,603,25,1,89,89
551,858,14,1,60,60
552,718,35,2,113,226
553,17,48,3,111,333
554,274,34,5,51,255
555,685,10,4,110,440
556,116,35,4,38,152
557,861,11,4,91,364
558,980,11,1,19,19
559,693,21,4,115,460
560,91,21,5,48,240
561,82,22,5,91,455
562,324,45,2,10,20
563,961,7,1,48,48
564,114,17,5,30,150
565,769,2,3,74,222
566,58,12,1,24,24
567,154,42,1,13,13
568,877,18,5,69,345
569,404,11,3,70,210
570,628,16,2,29,58
571,855,49,5,19,95
572,266,18,3,96,288
573,315,35,1,114,114
574,715,26,3,43,129
575,41,16,1,119,119
576,105,6,5,57,285
577,901,44,5,42,210
578,890,43,4,107,428
579,193,47,4,112,448
580,401,47,4,70,280
581,278,48,5,19,95
582,354,42,2,63,126
583,749,12,5,93,465
584,937,13,3,74,222
585,733,4,5,86,430
586,580,39,5,10,50
587,709,2,1,14,14
588,256,26,1,89,89
589,651,27,1,24,24
590,824,27,5,37,185
591,947,15,2,104,208
592,661,8,3,32,96
593,99,7,3,118,354
594,588,47,2,116,232
595,282,46,2,26,52
596,883,40,3,107,321
597,403,12,4,22,88
598,109,13,1,23,23
599,700,43,1,20,20
600,199,17,3,37,111
601,303,17,2,51,102
602,327,36,4,105,420
603,154,21,3,108,324
604,552,8,1,70,70
605,645,5,5,73,365
606,405,26,2,40,80
607,462,16,5,90,450
608,132,36,3,82,246
609,791,28,1,19,19
610,874,29,4,17,68
611,84,47,5,30,150
612,399,12,4,86,344
613,754,37,1,68,68
614,628,30,5,59,295
615,109,23,4,78,312
616,221,16,4,79,316
617,904,14,5,39,195
618,553,10,1,104,104
619,368,7,4,26,104
620,147,45,3,84,252
621,112,37,5,29,145
622,615,29,2,57,114
623,558,3,2,82,164
624,924,15,1,11,11
625,494,36,3,46,138
626,505,47,4,10,40
627,475,46,2,13,26
628,836,19,1,109,109
629,890,13,3,63,189
630,271,42,3,34,102
631,995,21,1,12,12
632,421,37,1,18,18
633,897,27,4,95,380
634,707,29,1,96,96
635,367,20,4,85,340
636,280,25,4,83,332
637,283,6,5,43,215
638,40,36,3,52,156
639,959,2,3,83,249
640,189,22,3,103,309
641,164,32,5,31,155
642,994,16,4,79,316
643,989,18,4,11,44
644,536,5,1,103,103
645,536,36,5,75,375
646,4,30,1,41,41
647,835,45,5,115,575
648,290,19,1,25,25
649,953,23,2,85,170
650,433,34,3,10,30
651,471,13,3,81,243
652,181,43,4,57,228
653,248,29,2,59,118
654,628,36,3,22,66
655,279,22,4,24,96
656,877,47,2,62,124
657,581,36,3,53,159
658,863,9,1,17,17
659,254,39,5,83,415
660,181,19,2,55,110
661,830,38,4,78,312
662,681,6,2,28,56
663,825,47,4,47,188
664,509,15,2,20,40
665,761,20,4,52,208
666,700,9,3,29,87
667,566,32,1,29,29
668,326,4,3,30,90
669,357,50,1,91,91
670,825,18,3,66,198
671,650,5,3,59,177
672,680,20,2,83,166
673,391,23,5,107,535
674,615,11,4,35,140
675,934,37,4,39,156
676,85,22,4,82,328
677,317,4,1,119,119
678,212,29,4,40,160
679,515,44,4,51,204
680,384,34,2,77,154
681,691,13,3,70,210
682,342,42,4,70,280
683,815,9,5,79,395
684,964,42,4,87,348
685,988,31,1,77,77
686,844,7,1,99,99
687,38,4,1,112,112
688,511,19,4,26,104
689,420,42,2,28,56
690,751,30,5,60,300
691,169,31,4,79,316
692,965,35,2,72,144
693,909,21,2,102,204
694,343,31,4,84,336
695,826,19,4,89,356
696,306,31,2,39,78
697,542,32,2,34,68
698,702,2,2,113,226
699,869,10,4,84,336
700,537,2,2,80,160
701,112,2,1,35,35
702,411,24,4,65,260
703,947,17,1,31,31
704,206,32,3,98,294
705,185,16,4,28,112
706,382,16,3,40,120
707,496,46,2,35,70
708,379,39,2,51,102
709,47,31,5,50,250
710,886,43,2,109,218
711,740,24,3,32,96
712,551,1,2,56,112
713,528,11,4,22,88
714,504,21,2,98,196
715,22,4,5,75,375
716,213,7,2,75,150
717,310,26,3,25,75
718,661,47,3,82,246
719,968,50,2,37,74
720,753,12,3,86,258
721,272,31,3,44,132
722,571,17,5,50,250
723,799,33,4,86,344
724,938,11,5,40,200
725,202,28,1,94,94
726,32,32,5,41,205
727,443,1,2,63,126
728,162,47,4,107,428
729,767,28,2,81,162
730,254,42,1,68,68
731,521,7,4,50,200
732,977,2,3,75,225
733,651,42,5,111,555
734,480,24,2,105,210
735,10,4,1,63,63
736,726,44,3,49,147
737,505,19,5,37,185
738,785,26,3,46,138
739,836,11,5,114,570
740,560,40,4,74,296
741,436,50,3,114,342
742,111,43,3,83,249
743,153,11,3,64,192
744,635,45,4,13,52
745,917,3,1,108,108
746,869,12,5,19,95
747,102,3,3,56,168
748,753,42,4,84,336
749,833,27,1,23,23
750,191,49,5,47,235
751,729,2,4,21,84
752,563,49,5,54,270
753,804,16,3,26,78
754,81,2,1,89,89
755,489,30,4,44,176
756,895,20,1,75,75
757,88,38,3,84,252
758,194,28,1,50,50
759,104,25,1,76,76
760,783,32,2,38,76
761,96,10,1,27,27
762,423,42,5,29,145
763,891,40,4,23,92
764,198,33,2,43,86
765,1,13,4,58,232
766,407,41,4,63,252
767,378,42,3,40,120
768,167,47,3,67,201
769,509,37,2,113,226
770,638,16,3,51,153
771,313,45,3,67,201
772,593,22,3,91,273
773,418,20,4,39,156
774,763,50,2,34,68
775,681,43,4,72,288
776,477,27,5,28,140
777,73,41,4,81,324
778,141,16,5,101,505
779,582,34,1,17,17
780,262,32,1,104,104
781,340,26,5,12,60
782,308,25,5,76,380
783,245,2,4,117,468
784,515,12,5,95,475
785,337,40,2,90,180
786,575,9,1,109,109
787,561,12,1,26,26
788,76,26,5,23,115
789,880,9,3,18,54
790,175,10,3,71,213
791,109,32,5,103,515
792,183,34,2,30,60
793,192,48,3,85,255
794,65,20,5,46,230
795,849,39,2,105,210
796,963,2,2,20,40
797,474,1,4,29,116
798,783,36,2,44,88
799,100,24,3,62,186
800,544,27,3,56,168
801,864,2,5,119,595
802,128,31,5,84,420
803,452,14,2,61,122
804,914,2,1,17,17
805,369,29,4,13,52
806,851,15,1,36,36
807,43,12,2,53,106
808,884,37,2,49,98
809,419,28,1,111,111
810,488,20,4,56,224
811,78,39,1,103,103
812,826,24,5,53,265
813,801,21,3,57,171
814,270,10,5,100,500
815,674,46,3,94,282
816,701,14,2,61,122
817,759,37,4,93,372
818,900,18,1,77,77
819,728,24,4,20,80
820,315,14,1,86,86
821,925,34,5,82,410
822,851,12,5,13,65
823,902,22,1,85,85
824,889,6,4,82,328
825,993,36,1,86,86
826,945,45,2,57,114
827,168,36,5,35,175
828,339,22,2,111,222
829,193,14,5,115,575
830,453,16,5,86,430
831,283,36,3,48,144
832,336,25,2,101,202
833,390,32,2,67,134
834,1000,33,3,28,84
835,525,45,4,97,388
836,240,36,2,92,184
837,832,20,1,86,86
838,958,18,3,86,258
839,483,38,2,67,134
840,659,3,4,37,148
841,716,23,2,75,150
842,592,32,5,19,95
843,891,45,1,95,95
844,555,16,3,86,258
845,458,5,5,67,335
846,89,4,4,82,328
847,660,21,5,106,530
848,95,40,5,23,115
849,452,14,4,93,372
850,428,39,5,24,120
851,151,31,3,105,315
852,514,14,2,42,84
853,376,6,5,26,130
854,22,12,3,33,99
855,883,16,2,39,78
856,313,17,2,71,142
857,997,45,5,22,110
858,840,23,3,71,213
859,519,14,5,56,280
860,206,7,4,25,100
861,952,46,2,75,150
862,375,32,5,90,450
863,451,15,2,105,210
864,626,44,3,52,156
865,784,17,1,17,17
866,595,41,5,12,60
867,179,47,5,21,105
868,210,44,2,93,186
869,500,34,3,25,75
870,464,5,4,87,348
871,840,45,3,89,267
872,124,27,5,68,340
873,993,23,4,58,232
874,113,40,3,72,216
875,12,14,1,71,71
876,126,15,2,116,232
877,565,43,3,58,174
878,331,33,3,60,180
879,901,31,1,42,42
880,283,35,5,39,195
881,140,17,2,68,136
882,401,28,3,85,255
883,902,19,4,24,96
884,97,46,3,91,273
885,517,23,2,101,202
886,569,32,3,32,96
887,924,40,1,87,87
888,846,13,3,103,309
889,69,20,3,106,318
890,118,35,4,54,216
891,888,5,1,71,71
892,59,9,1,88,88
893,33,29,3,80,240
894,318,6,4,24,96
895,50,25,3,115,345
896,880,31,3,55,165
897,489,22,2,73,146
898,19,2,2,111,222
899,726,45,4,55,220
900,197,5,5,65,325
901,891,27,2,53,106
902,450,25,5,84,420
903,990,8,1,38,38
904,559,1,2,104,208
905,679,20,2,71,142
906,452,44,4,98,392
907,289,23,5,61,305
908,141,32,2,63,126
909,84,11,2,97,194
910,694,39,4,66,264
911,391,47,4,92,368
912,591,24,5,75,375
913,215,11,1,31,31
914,526,29,1,29,29
915,215,26,3,42,126
916,403,16,2,81,162
917,128,35,5,34,170
918,822,20,2,55,110
919,477,46,5,82,410
920,760,3,5,107,535
921,404,1,5,66,330
922,29,47,2,96,192
923,792,1,4,14,56
924,338,17,2,64,128
925,831,2,5,70,350
926,714,29,3,98,294
927,361,20,1,17,17
928,569,6,5,25,125
929,392,8,3,57,171
930,218,29,4,118,472
931,574,48,5,70,350
932,669,33,3,24,72
933,202,3,5,74,370
934,17,35,2,31,62
935,322,5,3,12,36
936,518,27,2,111,222
937,570,44,2,63,126
938,325,12,3,23,69
939,412,20,1,45,45
940,318,45,3,91,273
941,681,20,1,114,114
942,965,9,5,91,455
943,82,39,5,76,380
944,474,4,3,19,57
945,468,19,5,58,290
946,425,38,4,112,448
947,945,27,2,74,148
948,731,45,2,100,200
949,689,43,1,66,66
950,204,13,5,36,180
951,583,13,1,84,84
952,387,22,2,14,28
953,778,28,2,80,160
954,98,47,5,92,460
955,345,45,4,66,264
956,803,22,4,102,408
957,208,43,5,24,120
958,514,19,5,108,540
959,636,8,1,110,110
960,792,8,5,85,425
961,586,42,4,39,156
962,166,26,5,29,145
963,22,48,1,46,46
964,154,26,1,12,12
965,939,23,1,82,82
966,439,43,1,50,50
967,295,13,3,48,144
968,219,28,5,35,175
969,669,9,2,11,22
970,495,20,5,32,160
971,230,19,3,32,96
972,20,48,1,94,94
973,987,39,3,25,75
974,553,12,4,18,72
975,950,15,4,22,88
976,148,31,5,37,185
977,108,14,5,36,180
978,403,11,2,60,120
979,596,26,2,73,146
980,483,42,4,61,244
981,367,27,1,90,90
982,834,11,3,47,141
983,414,38,2,109,218
984,309,34,2,74,148
985,802,43,1,27,27
986,918,19,1,72,72
987,835,6,5,60,300
988,134,46,3,18,54
989,719,38,1,22,22
990,283,49,2,49,98
991,778,42,2,64,128
992,73,28,4,118,472
993,481,1,1,88,88
994,352,35,5,52,260
995,560,40,3,53,159
996,326,8,5,119,595
997,745,47,2,77,154
998,443,7,5,42,210
999,100,11,2,33,66
1000,59,39,2,45,90
1001,508,4,2,114,228
1002,258,25,2,19,38
1003,413,12,2,109,218
1004,452,26,4,29,116
1005,65,38,5,114,570
1006,595,46,4,118,472
1007,154,12,4,117,468
1008,985,43,1,84,84
1009,266,37,1,21,21
1010,821,46,1,71,71
1011,79,24,3,27,81
1012,315,16,1,103,103
1013,662,13,5,117,585
1014,947,25,4,110,440
1015,560,4,5,72,360
1016,917,11,1,93,93
1017,891,32,3,34,102
1018,248,49,3,21,63
1019,790,7,4,30,120
1020,868,46,5,34,170
1021,610,11,2,20,40
1022,414,28,5,73,365
1023,25,41,1,82,82
1024,284,23,2,59,118
1025,449,45,3,71,213
1026,881,23,4,98,392
1027,301,50,4,108,432
1028,68,28,3,105,315
1029,7,43,1,58,58
1030,817,47,3,23,69
1031,137,26,1,10,10
1032,164,25,2,90,180
1033,83,29,3,34,102
1034,897,19,1,68,68
1035,650,33,2,81,162
1036,420,36,3,78,234
1037,73,14,4,14,56
1038,237,14,3,114,342
1039,46,35,5,108,540
1040,618,30,3,28,84
1041,928,28,5,32,160
1042,800,17,2,18,36
1043,262,3,3,103,309
1044,176,16,2,59,118
1045,166,46,2,25,50
1046,657,30,1,42,42
1047,842,29,2,11,22
1048,370,45,2,23,46
1049,795,15,3,119,357
1050,54,46,3,10,30
1051,690,25,4,99,396
1052,419,38,1,67,67
1053,756,42,2,98,196
1054,507,47,1,25,25
1055,341,38,5,88,440
1056,127,23,2,99,198
1057,409,25,1,56,56
1058,924,42,4,53,212
1059,367,7,4,89,356
1060,271,22,2,23,46
1061,644,17,5,102,510
1062,605,18,4,33,132
1063,379,49,4,64,256
1064,73,41,5,24,120
1065,923,10,1,92,92
1066,922,10,4,81,324
1067,915,7,3,43,129
1068,248,48,4,11,44
1069,860,50,1,36,36
1070,785,38,1,83,83
1071,43,27,2,108,216
1072,377,33,3,96,288
1073,41,1,1,81,81
1074,170,44,5,101,505
1075,946,34,3,32,96
1076,212,4,3,77,231
1077,493,17,5,23,115
1078,680,4,4,72,288
1079,39,43,5,115,575
1080,369,26,5,102,510
1081,757,4,4,74,296
1082,151,1,4,77,308
1083,111,7,4,72,288
1084,480,30,4,105,420
1085,436,50,4,106,424
1086,47,9,5,99,495
1087,575,35,2,90,180
1088,737,8,2,112,224
1089,366,24,1,96,96
1090,69,19,2,73,146
1091,299,36,2,41,82
1092,944,50,5,88,440
1093,802,43,4,22,88
1094,296,27,4,75,300
1095,203,32,5,28,140
1096,61,14,2,33,66
1097,946,18,5,118,590
1098,963,28,1,97,97
1099,830,29,4,20,80
1100,314,16,3,68,204
1101,161,35,1,95,95
1102,331,47,1,24,24
1103,528,31,5,19,95
1104,338,4,2,50,100
1105,606,37,4,36,144
1106,304,17,3,69,207
1107,503,39,1,82,82
1108,650,48,3,61,183
1109,338,46,2,37,74
1110,550,26,2,74,148
1111,639,48,3,26,78
1112,275,39,4,104,416
1113,164,41,2,53,106
1114,443,4,3,19,57
1115,319,30,1,72,72
1116,589,30,3,110,330
1117,504,22,3,102,306
1118,686,11,5,91,455
1119,387,2,2,56,112
1120,970,44,4,47,188
1121,870,12,4,112,448
1122,833,30,5,79,395
1123,888,36,4,113,452
1124,603,18,3,85,255
1125,750,26,5,62,310
1126,776,7,1,87,87
1127,691,1,2,53,106
1128,494,26,2,83,166
1129,490,23,2,63,126
1130,721,26,3,29,87
1131,73,45,1,88,88
1132,509,6,5,40,200
1133,390,6,5,16,80
1134,619,44,2,67,134
1135,857,8,1,114,114
1136,295,24,1,19,19
1137,369,22,1,19,19
1138,956,19,4,48,192
1139,796,37,4,37,148
1140,865,18,2,39,78
1141,694,31,1,46,46
1142,549,37,1,76,76
1143,649,30,5,52,260
1144,850,42,5,88,440
1145,568,33,2,94,188
1146,187,10,1,61,61
1147,853,37,2,110,220
1148,770,12,5,65,325
1149,445,30,5,85,425
1150,570,27,4,77,308
1151,363,39,2,18,36
1152,123,9,2,112,224
1153,188,21,1,115,115
1154,742,12,1,101,101
1155,680,29,4,32,128
1156,420,33,3,72,216
1157,626,43,3,118,354
1158,252,15,3,70,210
1159,619,2,2,49,98
1160,549,39,2,53,106
1161,335,44,5,95,475
1162,92,18,2,33,66
1163,530,3,2,60,120
1164,866,7,2,67,134
1165,63,43,4,99,396
1166,662,18,2,103,206
1167,512,44,1,42,42
1168,139,38,1,25,25
1169,698,37,5,31,155
1170,185,33,4,66,264
1171,205,44,1,71,71
1172,772,31,4,116,464
1173,214,11,4,91,364
1174,256,4,5,80,400
1175,135,18,4,99,396
1176,573,4,2,81,162
1177,875,49,4,79,316
1178,822,34,5,39,195
1179,88,29,5,112,560
1180,836,24,5,32,160
1181,988,22,1,41,41
1182,207,2,2,95,190
1183,129,44,1,115,115
1184,823,6,3,116,348
1185,3,42,2,66,132
1186,974,25,4,118,472
1187,934,21,5,18,90
1188,754,16,3,40,120
1189,121,31,2,80,160
1190,385,14,1,18,18
1191,614,39,5,22,110
1192,38,28,1,67,67
1193,341,32,2,12,24
1194,925,28,2,44,88
1195,645,49,3,106,318
1196,714,9,4,30,120
1197,860,45,1,73,73
1198,21,22,3,104,312
1199,242,32,5,61,305
1200,455,5,4,43,172
1201,963,23,3,105,315
1202,621,5,1,44,44
1203,303,42,2,24,48
1204,596,32,5,105,525
1205,595,10,1,15,15
1206,803,39,4,118,472
1207,964,15,4,94,376
1208,69,7,2,106,212
1209,129,29,2,41,82
1210,196,47,5,61,305
1211,140,3,5,92,460
1212,444,19,2,106,212
1213,283,10,2,37,74
1214,312,28,4,104,416
1215,746,29,2,94,188
1216,535,15,3,107,321
1217,665,35,1,73,73
1218,277,6,2,88,176
1219,61,12,5,87,435
1220,319,47,3,28,84
1221,890,38,5,116,580
1222,52,13,3,24,72
1223,856,29,2,15,30
1224,153,19,1,82,82
1225,749,3,5,110,550
1226,311,8,3,93,279
1227,814,8,4,107,428
1228,544,20,2,47,94
1229,567,47,1,35,35
1230,864,4,2,91,182
1231,389,21,4,101,404
1232,548,3,1,60,60
1233,622,45,4,82,328
1234,177,8,2,105,210
1235,362,23,3,62,186
1236,314,16,2,65,130
1237,807,13,2,68,136
1238,848,3,2,79,158
1239,97,48,5,87,435
1240,881,9,4,101,404
1241,213,14,4,67,268
1242,829,13,4,97,388
1243,137,7,5,22,110
1244,6,15,3,52,156
1245,109,7,2,85,170
1246,547,38,3,60,180
1247,39,34,5,28,140
1248,662,41,4,30,120
1249,425,22,2,100,200
1250,630,24,1,92,92
1251,261,49,1,33,33
1252,426,37,3,35,105
1253,87,44,4,54,216
1254,465,1,1,37,37
1255,76,10,3,119,357
1256,471,43,5,91,455
1257,976,16,3,117,351
1258,963,46,3,109,327
1259,414,8,3,115,345
1260,825,49,2,38,76
1261,895,25,3,26,78
1262,726,50,3,77,231
1263,457,12,2,53,106
1264,285,25,2,118,236
1265,239,17,5,70,350
1266,677,26,4,102,408
1267,599,46,1,77,77
1268,653,48,1,83,83
1269,672,14,3,34,102
1270,558,41,5,104,520
1271,372,36,3,76,228
1272,495,23,1,11,11
1273,624,43,2,98,196
1274,919,6,4,58,232
1275,45,47,5,79,395
1276,401,5,2,35,70
1277,247,43,4,81,324
1278,616,25,5,108,540
1279,597,18,5,36,180
1280,450,13,1,98,98
1281,485,43,2,27,54
1282,646,14,5,63,315
1283,620,28,5,10,50
1284,18,18,4,70,280
1285,606,28,1,112,112
1286,662,27,3,12,36
1287,758,32,1,77,77
1288,289,47,3,50,150
1289,414,9,2,46,92
1290,721,40,2,60,120
1291,638,32,5,24,120
1292,235,20,2,17,34
1293,416,28,5,47,235
1294,938,33,1,92,92
1295,499,4,2,65,130
1296,974,46,1,56,56
1297,634,34,1,99,99
1298,650,48,2,112,224
1299,115,3,1,19,19
1300,932,26,2,111,222
1301,674,8,2,87,174
1302,713,6,2,58,116
1303,234,16,3,50,150
1304,540,24,1,92,92
1305,11,48,4,39,156
1306,206,39,2,14,28
1307,679,30,1,104,104
1308,247,45,5,80,400
1309,559,13,2,92,184
1310,758,5,2,40,80
1311,127,25,4,61,244
1312,147,20,3,112,336
1313,118,18,3,97,291
1314,911,47,2,107,214
1315,382,18,1,32,32
1316,412,2,5,57,285
1317,664,10,5,118,590
1318,584,45,1,49,49
1319,363,50,2,15,30
1320,509,47,5,47,235
1321,137,12,3,50,150
1322,175,47,1,109,109
1323,289,13,4,36,144
1324,958,50,2,84,168
1325,481,47,1,78,78
1326,19,11,5,66,330
1327,195,19,2,26,52
1328,330,35,3,80,240
1329,936,39,2,100,200
1330,175,26,2,56,112
1331,449,46,3,88,264
1332,925,14,3,119,357
1333,946,45,2,22,44
1334,354,44,3,20,60
1335,499,24,1,118,118
1336,141,41,3,99,297
1337,758,1,3,95,285
1338,897,43,2,101,202
1339,930,22,1,33,33
1340,93,23,4,102,408
1341,944,19,4,82,328
1342,239,18,5,115,575
1343,205,12,3,13,39
1344,560,28,3,55,165
1345,433,28,1,27,27
1346,245,33,4,52,208
1347,832,19,5,89,445
1348,317,28,1,42,42
1349,925,49,3,102,306
1350,295,37,4,112,448
1351,640,26,5,19,95
1352,856,35,2,82,164
1353,282,34,4,68,272
1354,17,35,5,40,200
1355,71,40,1,37,37
1356,269,16,2,69,138
1357,325,38,5,12,60
1358,794,13,5,64,320
1359,305,23,3,23,69
1360,451,22,4,67,268
1361,7,16,3,98,294
1362,314,28,2,24,48
1363,817,48,5,11,55
1364,103,35,3,33,99
1365,821,45,4,87,348
1366,193,46,2,73,146
1367,753,8,1,80,80
1368,574,44,3,109,327
1369,529,22,2,33,66
1370,171,21,1,36,36
1371,537,26,3,46,138
1372,251,40,2,111,222
1373,765,21,2,103,206
1374,387,25,3,100,300
1375,207,41,2,48,96
1376,541,1,5,72,360
1377,629,6,3,88,264
1378,416,23,2,35,70
1379,794,23,1,74,74
1380,380,43,1,13,13
1381,144,43,5,38,190
1382,25,23,3,10,30
1383,822,32,2,116,232
1384,668,30,2,59,118
1385,73,13,1,119,119
1386,632,43,5,95,475
1387,824,18,1,20,20
1388,833,23,1,83,83
1389,93,15,5,68,340
1390,505,33,3,71,213
1391,598,21,2,90,180
1392,336,39,3,45,135
1393,425,23,4,65,260
1394,499,27,4,99,396
1395,364,45,4,30,120
1396,947,44,5,22,110
1397,630,18,1,18,18
1398,745,24,3,20,60
1399,199,47,2,84,168
1400,718,40,4,79,316
1401,413,42,3,10,30
1402,339,7,4,79,316
1403,659,50,4,86,344
1404,962,48,2,95,190
1405,937,20,5,65,325
1406,429,27,1,40,40
1407,783,6,5,95,475
1408,899,27,3,46,138
1409,139,9,5,56,280
1410,693,45,3,100,300
1411,942,31,3,87,261
1412,542,21,1,56,56
1413,57,26,2,78,156
1414,232,40,1,67,67
1415,658,48,5,45,225
1416,435,45,3,41,123
1417,384,13,4,107,428
1418,560,49,4,73,292
1419,194,23,3,80,240
1420,736,20,1,51,51
1421,648,37,2,57,114
1422,534,28,1,83,83
1423,518,17,3,90,270
1424,716,28,3,39,117
1425,751,41,2,30,60
1426,185,2,5,69,345
1427,872,25,5,22,110
1428,292,50,2,10,20
1429,335,41,5,74,370
1430,732,6,4,42,168
1431,116,11,5,47,235
1432,825,38,5,34,170
1433,49,6,5,35,175
1434,685,45,4,86,344
1435,82,11,5,68,340
1436,834,14,4,101,404
1437,333,2,2,42,84
1438,557,40,1,110,110
1439,335,3,2,50,100
1440,532,35,1,39,39
1441,960,33,2,66,132
1442,221,24,1,58,58
1443,635,19,1,57,57
1444,746,18,3,81,243
1445,733,49,1,58,58
1446,323,24,1,56,56
1447,851,45,3,65,195
1448,3,35,5,74,370
1449,694,1,5,21,105
1450,206,36,3,78,234
1451,832,25,4,97,388
1452,40,45,1,15,15
1453,59,49,1,98,98
1454,951,43,3,74,222
1455,574,34,3,34,102
1456,644,25,4,10,40
1457,507,16,5,41,205
1458,572,34,2,115,230
1459,884,29,5,115,575
1460,843,19,1,12,12
1461,122,23,3,58,174
1462,479,19,4,28,112
1463,619,25,5,69,345
1464,96,16,4,116,464
1465,859,9,5,38,190
1466,414,1,1,59,59
1467,235,42,2,11,22
1468,898,19,4,82,328
1469,62,33,4,65,260
1470,256,34,2,26,52
1471,561,16,4,69,276
1472,905,44,4,119,476
1473,348,40,5,45,225
1474,671,18,5,70,350
1475,124,34,2,26,52
1476,482,25,1,58,58
1477,317,45,4,85,340
1478,504,6,1,69,69
1479,719,21,2,29,58
1480,48,6,2,59,118
1481,409,32,5,12,60
1482,932,41,4,52,208
1483,136,48,3,66,198
1484,201,43,2,59,118
1485,250,39,4,77,308
1486,314,31,1,90,90
1487,869,42,5,59,295
1488,368,10,1,46,46
1489,429,30,2,55,110
1490,830,18,2,51,102
1491,807,24,1,24,24
1492,480,9,2,42,84
1493,314,31,4,89,356
1494,500,15,2,20,40
1495,721,4,5,29,145
1496,355,40,4,111,444
1497,485,9,3,33,99
1498,211,45,2,73,146
1499,704,9,2,89,178
1500,44,26,5,103,515
1501,541,4,5,107,535
1502,571,17,1,74,74
1503,583,16,1,97,97
1504,92,15,1,97,97
1505,265,35,5,82,410
1506,895,5,1,95,95
1507,220,5,1,85,85
1508,902,20,3,26,78
1509,925,15,1,98,98
1510,442,18,2,101,202
1511,401,47,5,70,350
1512,400,2,4,24,96
1513,727,29,3,103,309
1514,991,13,5,60,300
1515,899,4,5,36,180
1516,789,42,2,95,190
1517,576,45,1,83,83
1518,858,10,2,70,140
1519,804,31,1,67,67
1520,490,41,1,40,40
1521,485,8,5,100,500
1522,757,3,1,21,21
1523,470,48,3,55,165
1524,574,46,3,40,120
1525,938,9,3,41,123
1526,844,30,5,41,205
1527,682,11,2,114,228
1528,445,35,4,118,472
1529,269,37,1,108,108
1530,267,42,4,62,248
1531,54,13,2,70,140
1532,528,36,2,55,110
1533,520,13,5,94,470
1534,616,12,3,83,249
1535,59,37,3,89,267
1536,825,10,2,16,32
1537,40,9,5,13,65
1538,237,7,5,100,500
1539,955,2,1,61,61
1540,386,23,3,98,294
1541,606,39,2,40,80
1542,734,40,4,84,336
1543,716,39,3,93,279
1544,650,21,1,45,45
1545,300,23,5,63,315
1546,395,29,2,63,126
1547,207,14,3,26,78
1548,336,26,4,118,472
1549,593,5,1,84,84
1550,730,31,1,39,39
1551,514,25,3,108,324
1552,178,31,4,114,456
1553,396,50,1,111,111
1554,371,20,2,31,62
1555,858,44,1,52,52
1556,791,17,4,36,144
1557,658,45,5,46,230
1558,318,2,5,55,275
1559,736,25,3,44,132
1560,369,13,4,13,52
1561,384,39,1,89,89
1562,62,28,1,89,89
1563,806,42,5,94,470
1564,505,6,5,35,175
1565,239,3,2,109,218
1566,195,35,5,28,140
1567,678,18,2,90,180
1568,963,11,1,54,54
1569,222,20,2,35,70
1570,61,5,2,31,62
1571,129,19,3,67,201
1572,990,22,5,72,360
1573,685,19,2,37,74
1574,992,47,1,74,74
1575,156,16,4,53,212
1576,917,24,2,109,218
1577,378,41,5,52,260
1578,622,4,3,46,138
1579,781,15,1,75,75
1580,923,25,3,26,78
1581,868,44,4,49,196
1582,903,35,2,47,94
1583,790,14,2,94,188
1584,586,49,5,70,350
1585,999,19,2,18,36
1586,437,38,1,86,86
1587,975,36,4,84,336
1588,207,7,3,70,210
1589,388,30,4,89,356
1590,480,19,2,25,50
1591,791,49,3,11,33
1592,887,25,5,115,575
1593,838,16,4,117,468
1594,984,47,3,81,243
1595,340,40,3,52,156
1596,869,8,3,51,153
1597,340,18,1,86,86
1598,204,28,4,66,264
1599,161,16,3,90,270
1600,540,19,4,112,448
1601,392,42,3,97,291
1602,769,17,5,76,380
1603,677,45,5,39,195
1604,575,13,5,22,110
1605,534,7,2,28,56
1606,70,27,3,16,48
1607,893,10,2,18,36
1608,405,34,4,92,368
1609,608,36,2,118,236
1610,675,25,4,63,252
1611,591,6,4,113,452
1612,517,24,4,95,380
1613,828,18,2,91,182
1614,120,23,3,70,210
1615,814,6,2,96,192
1616,690,29,3,11,33
1617,688,25,3,59,177
1618,902,17,4,84,336
1619,217,46,2,40,80
1620,56,24,3,42,126
1621,366,11,5,87,435
1622,699,26,3,89,267
1623,504,34,5,20,100
1624,744,28,2,42,84
1625,767,3,2,16,32
1626,925,11,2,40,80
1627,455,38,3,57,171
1628,104,14,1,119,119
1629,77,26,3,56,168
1630,230,48,3,87,261
1631,914,21,4,101,404
1632,258,39,4,62,248
1633,264,30,3,116,348
1634,331,8,5,89,445
1635,993,20,4,28,112
1636,182,48,3,90,270
1637,893,32,1,99,99
1638,768,22,5,15,75
1639,550,7,2,116,232
1640,688,9,3,58,174
1641,27,45,3,82,246
1642,276,1,5,59,295
1643,652,29,4,90,360
1644,299,8,4,104,416
1645,957,4,4,21,84
1646,799,35,2,32,64
1647,91,3,5,63,315
1648,480,45,5,78,390
1649,573,40,4,116,464
1650,458,7,4,109,436
1651,451,27,1,68,68
1652,365,1,1,45,45
1653,859,27,3,12,36
1654,675,16,3,67,201
1655,351,38,5,97,485
1656,655,7,5,64,320
1657,400,44,2,66,132
1658,253,23,2,26,52
1659,781,41,1,48,48
1660,881,11,3,99,297
1661,803,42,1,77,77
1662,459,33,1,64,64
1663,699,50,3,54,162
1664,917,36,2,85,170
1665,499,37,3,10,30
1666,950,41,4,30,120
1667,971,17,4,92,368
1668,926,35,4,30,120
1669,508,48,5,61,305
1670,304,5,2,91,182
1671,501,48,2,52,104
1672,803,32,5,61,305
1673,598,3,1,76,76
1674,166,47,4,53,212
1675,415,35,4,41,164
1676,462,14,1,19,19
1677,920,48,3,73,219
1678,114,31,3,113,339
1679,433,31,2,88,176
1680,992,17,5,78,390
1681,356,24,2,77,154
1682,928,23,3,37,111
1683,695,18,1,62,62
1684,207,50,2,60,120
1685,768,14,4,62,248
1686,235,50,4,13,52
1687,442,15,1,88,88
1688,355,15,3,26,78
1689,515,6,4,117,468
1690,208,27,4,76,304
1691,709,15,5,83,415
1692,853,50,2,56,112
1693,125,36,3,115,345
1694,138,8,2,65,130
1695,339,15,3,32,96
1696,537,3,4,27,108
1697,68,47,5,10,50
1698,573,13,2,44,88
1699,541,41,4,73,292
1700,383,34,3,67,201
1701,19,24,2,104,208
1702,683,40,2,68,136
1703,450,32,4,117,468
1704,74,32,2,10,20
1705,573,30,5,12,60
1706,939,49,5,76,380
1707,665,13,4,46,184
1708,276,1,3,92,276
1709,48,34,4,38,152
1710,211,15,5,98,490
1711,855,44,1,42,42
1712,920,14,1,109,109
1713,651,29,2,70,140
1714,622,34,2,102,204
1715,994,18,1,99,99
1716,695,7,5,13,65
1717,540,29,2,23,46
1718,709,31,4,100,400
1719,191,25,4,42,168
1720,315,38,5,31,155
1721,901,14,2,57,114
1722,563,8,4,12,48
1723,661,27,2,96,192
1724,780,2,2,94,188
1725,562,17,4,114,456
1726,900,37,1,32,32
1727,758,14,4,77,308
1728,113,25,5,30,150
1729,170,30,3,110,330
1730,468,29,4,52,208
1731,678,20,2,104,208
1732,921,21,2,94,188
1733,14,22,4,35,140
1734,715,35,3,50,150
1735,288,37,4,108,432
1736,907,16,3,47,141
1737,189,50,3,97,291
1738,914,49,5,20,100
1739,155,43,2,114,228
1740,567,17,2,38,76
1741,694,16,3,69,207
1742,722,2,2,76,152
1743,888,4,1,74,74
1744,471,21,3,70,210
1745,75,39,2,28,56
1746,277,34,1,55,55
1747,940,30,5,58,290
1748,645,6,2,31,62
1749,343,17,1,87,87
1750,425,39,4,66,264
1751,571,25,4,23,92
1752,511,5,1,53,53
1753,857,5,3,25,75
1754,182,20,3,106,318
1755,458,16,2,86,172
1756,918,41,4,111,444
1757,851,37,3,21,63
1758,833,40,3,64,192
1759,64,9,4,60,240
1760,839,5,5,111,555
1761,260,42,3,48,144
1762,193,2,1,42,42
1763,655,9,2,42,84
1764,616,43,3,38,114
1765,972,36,3,78,234
1766,406,22,5,79,395
1767,726,22,1,40,40
1768,754,22,2,89,178
1769,943,34,3,40,120
1770,721,29,2,98,196
1771,93,38,4,55,220
1772,430,46,3,106,318
1773,654,33,3,86,258
1774,434,18,4,61,244
1775,404,7,5,19,95
1776,434,1,3,97,291
1777,112,33,2,83,166
1778,929,1,1,50,50
1779,375,24,2,104,208
1780,59,4,5,86,430
1781,43,4,1,12,12
1782,207,18,2,68,136
1783,780,27,2,61,122
1784,296,43,4,43,172
1785,118,32,5,58,290
1786,532,33,4,37,148
1787,222,28,1,92,92
1788,166,42,4,96,384
1789,643,41,5,118,590
1790,156,36,3,105,315
1791,184,6,3,22,66
1792,90,16,1,106,106
1793,94,34,3,107,321
1794,13,23,4,106,424
1795,973,50,1,78,78
1796,834,42,5,76,380
1797,805,24,1,70,70
1798,945,49,1,69,69
1799,742,13,2,80,160
1800,834,18,2,33,66
1801,804,13,1,72,72
1802,438,49,3,95,285
1803,538,37,2,118,236
1804,587,43,5,70,350
1805,968,39,4,32,128
1806,876,42,2,39,78
1807,936,17,1,69,69
1808,811,15,3,27,81
1809,150,18,4,105,420
1810,660,23,2,65,130
1811,8,30,3,62,186
1812,29,34,3,16,48
1813,296,4,3,106,318
1814,986,3,1,78,78
1815,926,7,5,101,505
1816,721,18,3,81,243
1817,640,42,4,88,352
1818,340,7,2,61,122
1819,628,40,4,13,52
1820,439,6,1,43,43
1821,144,22,1,78,78
1822,942,1,4,42,168
1823,830,4,5,78,390
1824,747,46,1,47,47
1825,519,49,1,107,107
1826,976,50,4,35,140
1827,45,43,1,10,10
1828,955,29,5,13,65
1829,239,21,5,48,240
1830,952,26,5,63,315
1831,944,14,2,99,198
1832,155,9,5,42,210
1833,181,47,5,42,210
1834,215,12,2,81,162
1835,88,42,3,29,87
1836,256,6,1,25,25
1837,511,20,5,30,150
1838,73,24,1,54,54
1839,931,27,4,99,396
1840,179,38,1,96,96
1841,212,8,2,91,182
1842,805,1,1,71,71
1843,234,49,1,40,40
1844,465,49,1,51,51
1845,751,24,3,21,63
1846,223,47,3,74,222
1847,631,7,4,115,460
1848,825,19,2,82,164
1849,264,22,1,12,12
1850,207,35,1,99,99
1851,607,30,1,18,18
1852,885,29,1,115,115
1853,734,22,3,60,180
1854,366,11,4,25,100
1855,276,20,5,97,485
1856,380,29,2,87,174
1857,743,41,1,12,12
1858,309,42,4,107,428
1859,631,34,5,106,530
1860,268,1,4,33,132
1861,945,31,3,82,246
1862,785,30,5,22,110
1863,64,48,4,11,44
1864,810,18,3,80,240
1865,350,17,4,30,120
1866,925,38,4,28,112
1867,915,14,5,98,490
1868,494,23,3,56,168
1869,523,25,1,31,31
1870,98,15,2,84,168
1871,946,46,5,42,210
1872,71,22,3,41,123
1873,364,3,4,73,292
1874,570,19,3,94,282
1875,802,44,2,48,96
1876,763,34,2,93,186
1877,276,35,1,81,81
1878,50,50,1,51,51
1879,358,1,2,110,220
1880,728,21,5,18,90
1881,906,29,5,34,170
1882,928,6,4,98,392
1883,564,37,1,106,106
1884,783,1,4,11,44
1885,485,1,1,28,28
1886,84,27,2,119,238
1887,899,21,5,29,145
1888,805,16,5,115,575
1889,638,44,2,114,228
1890,808,40,4,115,460
1891,584,26,4,102,408
1892,296,16,3,79,237
1893,236,28,1,26,26
1894,56,1,4,98,392
1895,919,36,2,111,222
1896,360,10,4,77,308
1897,907,43,5,103,515
1898,110,17,1,93,93
1899,192,23,3,12,36
1900,904,7,1,96,96
1901,93,44,5,60,300
1902,862,7,5,91,455
1903,568,44,5,35,175
1904,60,15,5,65,325
1905,650,34,2,109,218
1906,39,46,3,73,219
1907,540,45,5,17,85
1908,49,4,5,90,450
1909,420,14,4,104,416
1910,637,14,3,46,138
1911,13,16,1,118,118
1912,992,7,3,106,318
1913,36,32,3,36,108
1914,101,19,3,54,162
1915,794,2,5,13,65
1916,86,10,5,95,475
1917,516,50,2,99,198
1918,223,17,1,105,105
1919,338,37,4,97,388
1920,960,12,3,119,357
1921,166,6,1,108,108
1922,383,22,1,46,46
1923,856,32,2,105,210
1924,895,41,4,80,320
1925,376,20,3,42,126
1926,471,1,4,40,160
1927,790,47,2,64,128
1928,642,6,5,21,105
1929,31,19,1,20,20
1930,375,18,3,97,291
1931,11,6,5,81,405
1932,988,45,2,41,82
1933,302,33,4,66,264
1934,96,23,1,47,47
1935,190,23,3,69,207
1936,453,26,5,95,475
1937,192,13,5,107,535
1938,486,7,1,28,28
1939,266,15,4,93,372
1940,424,44,2,65,130
1941,128,27,4,23,92
1942,238,26,4,42,168
1943,920,33,4,19,76
1944,355,15,1,89,89
1945,940,36,1,73,73
1946,112,45,2,73,146
1947,828,27,4,71,284
1948,446,5,1,77,77
1949,343,2,2,100,200
1950,145,33,2,101,202
1951,65,16,4,52,208
1952,247,23,3,89,267
1953,735,38,4,68,272
1954,991,16,3,61,183
1955,490,14,2,106,212
1956,825,29,1,28,28
1957,439,26,5,30,150
1958,106,35,2,31,62
1959,181,15,1,18,18
1960,184,3,2,18,36
1961,226,23,4,82,328
1962,777,29,3,36,108
1963,790,34,2,26,52
1964,909,33,1,53,53
1965,89,41,4,54,216
1966,688,41,5,17,85
1967,530,23,4,89,356
1968,371,7,3,27,81
1969,972,3,4,42,168
1970,936,32,5,10,50
1971,913,31,1,85,85
1972,399,18,2,15,30
1973,106,43,3,50,150
1974,271,7,5,64,320
1975,975,41,3,14,42
1976,831,1,4,68,272
1977,503,14,3,89,267
1978,679,32,5,27,135
1979,525,6,2,58,116
1980,849,39,2,91,182
1981,32,10,3,74,222
1982,393,7,1,92,92
1983,40,26,3,63,189
1984,660,34,4,70,280
1985,218,30,2,17,34
1986,731,36,2,12,24
1987,981,21,2,34,68
1988,82,17,1,78,78
1989,845,33,1,64,64
1990,720,10,5,49,245
1991,201,47,3,92,276
1992,447,42,3,91,273
1993,844,12,4,59,236
1994,428,16,2,104,208
1995,38,41,1,42,42
1996,211,32,4,27,108
1997,444,15,4,66,264
1998,327,27,1,112,112
1999,761,28,3,25,75
2000,227,17,2,89,178
